CDR3,Number of Reads
1,4328
VTHGPYSVLG,1874
AYEIDWPYFG,1100
VDRGDTGPYP,789
VAYYYVAYYDTTLD,768
VAFPVSYYTSATFV,578
VGGYDKYVHI,567
ARWWDIDQYP,553
AEYTEVDFGSNYWSYGHF,534
AHSYRELYYYGDYP,461
VYWLGDVLYQ,424
VASQDYWWPHGYLY,361
VDGDAPYSYWGTFQ,344
VSGRKGAVTVYTWYGIFS,332
VRGEGYGYYGQYFD,315
APSYYGYSLY,314
VDGYRYRSFG,311
AYTYVENQGYYYFA,301
AHYDVGLNGPYYYT,300
AVDYGESYTYSAHS,298
AIRQYYARYD,292
VPLSGRYGGVTGHA,286
ALGDEAVPTYYIFA,285
ADDVFFAVSPIGWDSALR,284
ASDADLGVGSGVLG,276
VWRTGETYADYSGTLDYG,268
ASDTLTFYWIGLFP,263
VFGLGTGYYYDLLL,263
AYPTAIGYLG,260
VGDDVHYSYYYEFP,257
VDFPNAVTLE,254
VAVLYDAYPADDLFLTLY,251
AAYPTSEWYW,246
VHYYTTSGAVVYFD,242
VHHAYVVYYL,240
VGYDVYWANYPRLG,239
AWGSVDDWLY,229
VYQRFISFAWTDLL,224
ADYPVRFLTGLLLY,222
VEAYVDRRFAYYYN,221
AQRDDFLYLA,220
VVVQYAYQYS,216
AYYFYSASFL,215
ALSFQEYPIADYFY,214
ATPVYDLSFI,214
VSIRDYYGNVRTYK,212
APYDSTPLHH,212
VHHAYVVYDDAAGTRVYS,212
VWNLYDSYLW,210
ARGAKGVSLG,207
VDDAWVRYYPGFFY,202
VRGTYSDYAGYLYN,202
AYGGSRLFIRYWFA,198
ASSGYYHGGDSSFG,191
VAPFYEWYFDYYYI,189
AYAWTNRYAVDGHG,183
VSPAGNDGVRFFYV,180
VDADNGVNLF,177
AVEYGDYFLDPLHK,176
VPGGYISDYF,174
AYVSDPSNFG,168
AEELGWVGIGGSLW,167
ATDWVSVERNEDAYWFFY,166
VGQAAHVYSVGEYF,166
VFYGDQDDSNILYT,160
VYVPYLVILY,159
APVEGYIDYF,158
ARQYYSAYHD,157
VIGRNTSRTYIYHY,155
VSYDLDLYGLYPYE,153
VAVSPFKEGGIKYYGQYA,152
AYGVASQEAVYYLD,151
VDPAGYTHQRWYFG,150
AGYPHVYYHI,147
VTGSGIGDLA,147
AGWGPPFSHS,147
VVRYSAYNWYESYY,146
VDAGTPFYYLYLHK,146
VITYEGSVTNDIYV,144
ATSAPHQPHR,144
AFQKVYQSFGYTFG,143
VAGGDARYQLLTFA,140
ADSETDDDGGGDHV,139
APQSDYGRDLQAYWWYYL,134
AFGAYSAHNAAIFF,132
AFDYDLAWTYFDLD,132
AQRTGFPGADRVHY,132
ASYYSYVEYD,130
AWTVNNVGYG,127
VYRGWAASERGSLL,127
ALWDAGVPSTQYYL,127
AGGWLFADWDPNLV,126
ADVAIYYWLL,126
AVTFGVPDGGLVFL,126
AVDFDPLYAYGSFT,125
VSYLSYYDFY,124
AYWSVGSLVEVYYG,123
VTWAGVHRDWTRFV,123
VRVVRRYVFHGSYY,122
AGLGADGVTDYWFD,121
ADWGYRRWLA,120
AYSTGSYPAGAGYL,119
ASYPLHYLDTWWFI,119
VVDAYRDSDYTVLL,118
VILNSALRYL,118
ADYTSTGYNTVYLR,117
ALHGVGNYGGIFYDENHF,116
AINLEYWIVDYALG,115
AADPREGLDWYHFD,113
VSDDDIVYYT,113
VEYRQTTSGGLAEYERFT,112
AEAWTADTTAWDYP,112
AYIGSYYTDYIDLE,112
AYGGSTGYHY,111
VLPYHHYVHSPELS,110
VSYWDYDLGYYNPNYGLG,109
AVIAVDSYLE,109
AGYYRLHDASDTLG,108
AGWTGTVRHS,108
VEAADYLFGYGYYA,107
ASDRRYHYYGLYYH,107
VTNTYFWPEPDTFY,106
VYQYGYNGIDYTYD,106
VNTGYDTLRYYSHG,106
AEVSTYGGEGLVTWLHYV,106
VQTVNGYFQDYTHR,106
ATDYVLRYYT,105
AEHLSDNDKFAGADYSLI,105
VYQDRGFLLD,105
AYYYYPYTYDDGILTSYG,104
AYTYSQDYYDSGDAYTLI,104
VTYSYAYLYSDTFP,103
VKTSYASQYS,102
AGGSIVHYVGGYYVPFFD,100
AYEIDWPYPADDLFLTLY,100
VDGTERAPLE,99
VQGDDAGVNEPSLA,97
VGFDNGHGYYVGLF,96
VLRDYYWYHY,95
ASYSNYYAFG,95
VYSVDYIRYY,95
ASSPRLSLFP,94
AFSDLTRLHYGEFS,94
APSKYGSYLQNGFI,92
AGYPHVYYRILGFD,92
VDGKTLERLS,92
AYRTDDYGHT,91
ASDLYYSGLDHYESYYYL,91
VDDAYVAYTVKGLV,90
VGRTGPDADSYYHY,90
AYGYYGLEYL,89
VNTTPDWWLI,89
AQALGGSWSSPYSSGSHS,89
VYGRNGYAHS,88
VTNTYFWPYYGKHE,88
VAPYYDALYK,87
VKSSTSAWRYPSGYNTLV,87
AREWGTSGLDYLLG,87
VYNNSYYVYASDYK,86
VDSYYKDYLG,86
AVEPLTERIRNHYV,85
VTGWAYALLY,84
VYYADEWWRDRYHY,84
AIQSRYTLYG,84
ARGGYEYASHVNTDTYFT,83
VYEKSEDWLG,83
VGLSGDYGWLVRGRLGYH,80
AYSPTTTYSNGLLG,80
VDSLESPDRLDYFY,80
VTGSYGDDISDRPPVYYA,79
VYRDYATDEYSYFY,79
VEEDVPIYDVLTLI,79
APILGQTYYD,78
VSPGYGIWYD,78
AEADITANHQ,78
VTEYLYSSYQTPLL,77
VDEDGSNYFG,77
VYLYNDADFY,77
VDPHYRGWRSVSLY,77
VPNGYDYFGPDGRDSQHR,77
AFYARLYPYAIYYG,76
AGASKGAFFR,76
VFPTGTAWYWWYLY,76
VSGSYDTYLP,76
VYDYTWTYSWVYLYS,76
APEKTDVGTEDRYD,75
ARNHPDFELY,75
AVDYSDYYYY,74
VVNPIGAYTGAWLS,74
AIYLGSETLY,74
VSIAVKLSADFDLFGLYD,74
VSSYTRPHSETRHV,73
ASGSYYDYYSYFDEIIYL,73
AYYGDYYDNGIGFV,73
VFSTDWIAYLTHYI,73
ATYQRHFWAYSGFP,72
AYYPGDWIHY,72
AYVQGSTNHY,72
AIADAGGPIIGDFY,72
AKGTTGSGIDYTYD,71
ARGGYEYALY,71
VDDYSSAAFY,71
AQSYTHVTVYYSYF,71
VTYAVGDSVITQFV,70
VYAASGQYLY,69
VRAHSAQTSAPGHF,69
VTADYNGSYF,69
VSVPYDRFPLSELP,69
ANGGRYSDYA,68
VSWQYSVGLI,68
AYGVPGTRYPIASLDLYD,68
VRAHSTQTDNYTYVWLLY,68
AGKDYSSRGNGLYF,68
ASWQRTSYHG,68
AETDFPDYYG,67
ATVYKGYFHD,67
VVASYNDYATYDHI,67
AYTPYSGGYS,67
ATDLWSFRDEWAYD,67
VYDDKLAYLD,66
AGLAKVESDGYYYS,66
AYHDIYFYTYLDVPDFLP,66
ADSWLGNHLN,64
ADISYEPDTDALFG,64
ALNRDSLLRDDDLEVRFI,64
ASINADYLYGRDHV,64
ANGGRYSDYG,64
AEDLSDRYQHKGLL,63
ASTDVQHGTEDDFSLFFL,63
VNGYQYYYIGEHYVAYFW,63
ASYGADADNYGYYGSGYF,63
VPVDDDVGLI,63
VGFPFVGYYYTGDDYYFI,63
VDRSEQSIYSYGFN,63
VSHIYDAQYTYYDYGIHL,62
AKLPTVKKRSLLSYVYLG,62
AAKRWNGYWYLYHA,62
AYGVASQEAYWGHL,62
VRGSDGVFGNDAISLVYL,61
VTIGNYGLAFDKYR,61
AYDHVYQLLSTLFV,61
AVYNWIVYYS,61
ADNVIIAPYFWAGYYVLD,61
AFSVLYDAADSNLYGYLL,61
ANSRRIGGHI,60
VSENYGDQIYVDYA,60
AWNSDGDEYYRIGARWFH,60
VGWSGATYAEYGFG,60
VWYGYYRHHF,59
VDTPGYAYRGPILD,59
VIGRNTSRYWSLHE,59
ALYQTLYVKEVDTGLYLE,59
VSSFWYSYEATDHT,59
VNNRYYTSHV,58
AGSNNQQAVGVPAPSYHA,58
VGNGPGLFDFYIFF,58
VGDLYAVFAYGVKWYVYE,58
VGRRYVTRNYVLYW,58
VYYNVYWGLY,57
VYPDYTSRFY,57
ATVAKHSADYTDHD,57
VDKSAGWYGGSYYL,57
VVGLAGYYEQDYLL,57
AKRRFRYYHSALLY,57
AADNIYHWGYWYYE,56
VPRGSNRYFK,56
AQRFNSYGYADGYG,56
VSWEISDHQTDYLW,55
VGKPLTRYFAGAQDWSYG,55
ARGAAYYVYDGDYEVDFW,55
VIFTSTASSGNPFD,54
AALTYYYSWYRNPFYTYY,54
ATYDGRWEHR,54
AKDKEWYGGGTWYP,54
VDPPGEHLLA,54
ANDDNAVAREVEFY,53
ASRYGWDYYR,53
VYGYSYAIHD,53
VIYYRGGGSGWAYY,53
VSSYGQGPSAYLLG,52
VSPAGNDGLE,52
ARVRREDGRGRDHR,52
VDGHNAYWFP,52
VTIRVFAPALLEFG,52
ATIYVIGSVDWSGGLEFW,51
VSIGEDPRDIDGFI,51
VWSGSYHYYEGDYD,51
APRNYAGIGYYPGPYGLD,51
VSDYWVGTNTRFHKSEFG,51
VDSAKDTPNDGPLD,51
AGGWLLPYRFSSLP,50
VSHYQYYGPGGYFG,50
VWGYAGGYLW,50
VYGEDFYTGASKHP,49
AYWGSDYILYAYYI,49
VSPASYSYDGTAVAYQYP,49
VPLSGFDYWSSFLY,49
VVIHFGAWDPHLLSYHFQ,49
VASQD,49
VSTSYGDPDTWSEFYYFW,48
VGGTGLEYYT,48
SGDDYQVAGSPSHP,47
ADAYYVRTLN,47
AQRVQLLPYL,47
VLDDTLVTIGYGLI,46
AVYAPGLTLW,46
VDYYENVEHF,46
VHVTYYRDDYGVGAYTFY,46
VYGDTPSGHN,45
AGYYWTPTHI,45
AYHGAGTTYAPPDNGNHA,45
ARAARGGGPWTYHS,45
AADSDDYVTHAYYH,45
VGAGVATKWSNHRYQYYG,45
VNGYQYYYLTSWWIYVFV,45
VYHDIYPFVHVQTAEYLR,45
VRFGWSFYDSSLDHWTLF,45
VLIVAYWPFA,45
VYPDLGYDYGQYYRILFG,44
AEPYGPWAHYFGGYYPFV,44
VNDPEKGYYSSVAVGEHN,44
VDEHGETYRSKHFESYYE,44
VIYALDAWTKTIYS,44
VEPTYSDWAYYAFVTGFR,44
VLLDGDYRYVPAHR,43
VYGFDGGRDAYRPQRDFT,43
VEGTVEYWWWDIFT,43
ALSASTYYRGRWHY,43
VQRVTYYPNPTVHR,43
ATYAVPTYDNDTYVVTFW,43
VGPRLWRISHGASLGGHS,43
ASELLSYRYSGEYGYSLW,43
AGYGSEADYH,42
AYRRAPESGWHTYL,42
ADPWHDTYGSDYHS,42
VSARHTGYT,42
AYEDDYVFYRRFRDYVHS,41
VYSVPGYYRVDYYV,41
VEAADYLFGYAYYY,41
VTYWQWFKSDKAFY,40
ASRLSSDEGYFLYY,40
ASDYDDQPAPPAGSKGYL,40
AEVVGYGEHI,40
VDDYFSSPRSTSYI,40
VDGTTAWRNNGFTTYYYN,40
VDGVKYSPYL,39
VRTRWSSTIDQYLW,39
VDGDLYYAYL,39
ADITWFDWAKEDYS,38
APEARVYRWKATHF,38
VGSPGSYLFEGYHG,38
AYDVPNYLTRLPQYYSYP,38
VTITIGLYHN,38
AYAVSWDGYG,38
AYYYHWAARYTSYA,38
VRYFVNGGSHGDDYIFLD,37
VFGNRYHPGRNPHY,37
AEGGLHDNHR,37
AYEEIALHYT,37
VGVTTQWLRTYVHG,37
VVGSIIDYDYYKQVAYFA,37
ATTGRRTRSGVPITDLFP,37
ATIYNAYAYAYDPHDVLR,37
VYSDPTGRLTYYFQ,37
VNDWYFADTWVLYY,36
ADYTLHDRPIRPHS,36
APEGYTDDGYWDPYGLHG,36
VWWRPYYGFY,36
AAYYGRVPLVHPFY,36
ADPLARADYR,36
AAKRWNGYLA,36
AQDPYEEPNDYRFT,36
VSYGDTFYVTWDHG,36
AVYNWIVYYD,36
ADGGWLPGYG,36
VRGDYGRSHASGLY,36
VTTGSAQHHG,36
AVLLDRVANVYWHY,36
VQFGTGWPAIGLHQ,35
AEAWTADTAGPSFY,35
ASYTSPRQGYEGHY,35
VSGAPDGDYR,35
ATYGLGWARYEVHA,35
ASSEDSNTFL,35
AYRYGGTDYDQRFS,35
AYGGSVDVVDGYFA,35
ALGEAAGGDAWYLV,35
AEVTSIAFHE,35
VNSSGKVVGDFSLR,34
VGDYGTLRHFGTYGYGYW,34
AYYDTSSYLVYGHI,34
V,34
ATDYVLRYVGGLSDYDYH,34
APYFIGNRRRGIFA,34
ATDYVLRYLN,34
AEGDEFVDLY,34
VGAYTGGLDEYYHI,34
ASMQADYGDWTLHS,33
VYNYAGGYLYTEHY,33
APGVTTVYAGGDYGGHHL,33
ARYYGQQSPNAYNWGSYR,33
VTEGYADAPYYEFG,33
VWNYYYGGWSYNFD,33
VTEYHSTGVEYLLY,33
VSDDLYRRGEIEHG,33
VDYYPGSGAVVYFD,33
AVSDAPKEYVQRTAAHFT,33
AGGYEVNSLD,33
VRWSHYLSYITGYT,33
VDTDDAYRAYFSFPYGLS,32
VYVSHYGDAYNTLG,32
VIYAVDEGQSDGHK,31
AGSVKGFYYYPNFG,31
AHYHFYTSDYSSHY,31
VYGYTYGVRGYGLN,31
VGRTGPDAWFYKYE,31
ASQYAAEWHS,31
ALAWNLADEYNDAYVFHE,31
VWDRNGSLAPYGLY,31
VGYWPGRYVIGSYTWFHY,30
AEGIVTANFD,30
VPLSGRYGTYGAYS,30
ADRLITRGPYDSYT,30
AYYGDDQYHL,30
HCMATTEGYEYD,29
VSIRDYYGAYYGRRDYFD,29
VGTQRTSSHL,29
VGGRVRGWYRGWYGYYLD,29
AVYSPDNLVLGGLD,29
VHGGTDWFESDGSWLVYY,29
ADAYYLPGDYGILS,29
AVYAATDYYDWFYS,29
ATSGPLSKFD,29
ASISSEAYPGDDYR,28
VKPYHSHTGRVRFG,28
VTKVKPDVRYQSLN,28
ADSSSRYYEWAYLY,28
VITISTDRYSAQYDYAFV,28
VSGHGDSRYN,28
VDRYVNNYYD,28
AGPSSDYHLA,28
VTADDISYFY,28
VGGGFTKGYP,28
VEAYYPYIYD,28
VGGGSHYYEFYYTYALLF,28
VLASYVHAWLGHYT,28
AYPTAIGYATIQHA,28
VPRTFWGDFY,28
VDNFASPDEDGESNAFYD,27
ANYETDFRPDAIIGYFFS,27
VGSDPNTGYYSDDADQLY,27
AYITYLWSLT,27
VYYYDDGWYYGSVVGYHY,27
VLYDWGDFGSNYWSYGHF,27
ARYDHILYHE,27
VAAATDIRGVYSYG,27
AVYNWIVYDAWKDEYYYW,27
AYYPHDHTVGFEHD,27
VLIGHPGYVSFWHV,27
ARQDGYYTLY,27
VFSLYGYGDIDFLS,27
VYYYSRWYFV,27
AGYDGEVRGHSIDYYPFR,26
AYVPVSNSRINYYG,26
VQSHQSWYGRLAQYTSFY,26
VSDYYYGGGAGYFH,26
AERVTYYGTYLSISWAHY,26
ANQDVFVYEWLLFG,26
AADTQNQYHA,26
AGVGSHNKDDTLHG,26
ADYTLHDRSLRFASYKHF,26
VTSGYRLQHT,26
VKDYGSGYDEDSFA,26
ADYAVNYYTYYNRAGTLK,26
AGIRSTSKQYGYHD,25
ADYGKAYYVRASYH,25
ADSRRVYVYSGIHL,25
VYVYARANTASRHY,25
AYYDTSSYDDIGYF,25
VDGDLYYAFW,25
AGYDGEVRSDALHR,25
AAVSGVQIFG,25
VWSYGQSATDVGHY,25
VDNPDDTYNSVKYY,25
VPPDDYEIYW,25
AGTQDDSDSLNLLV,25
VLYYHGLRFY,25
VDGDAPYS,25
ARRVYDWIKNYDVNGQYA,24
AEPRGPHGFT,24
AGSLYPSDEGWVHP,24
AFFGYYDLHT,24
AHSYYSYNSTVYFG,24
VYFYYDFWAEAYSTYALS,24
AYDHVYQLWDFYFW,24
VVWYYLALWDSYLL,24
AEDLSDRYANPDHR,24
AVTDSSHAKDGDGSYGHY,24
APDRRYLAFYDYHD,24
VVRGYFYRLD,24
AVSIDAGYGSSGFTYWFI,23
AAGRVVSYFDYYYI,23
VSVGTTYNAYGSFY,23
VGSDPNTGADPSHY,23
AEYTEVDFGSN,23
AYEAVTNGENNDLTVFYY,23
AEHLSDNDYENYFP,23
AIADAGGPVGVGYGLYLV,23
AIVISEWYFT,23
VGLWKDYVEDGDLA,23
VTASTTAWFD,23
VTDHTRDRTNVFLL,23
VTIAGAENDNVSGDRSLD,23
VDWRTRWLRGYGHG,23
FYDDTTDPLL,23
VYGYAAGGVSYGEYYTLY,23
AVKTYSYSSAISHP,23
VYASFYYYIIPIHY,23
AYRRWRYDGYDYYY,23
AAYPTSEW,22
VRAWSLGYAYWYYDTGLY,22
AYTYSQDYWGVLTYVGHG,22
VYGYSVTWWLHQGRYGFD,22
ALGDEAVPDEIYKFTEYF,22
VGNDDLSSDSYYFF,22
VYATSYVSSITGFG,22
VLRYYRGLYHQRGFYYHL,22
VTGPYDYNRSVWHI,22
VYSQGTGSYYNSFS,22
VGYGPRYGYYYGLY,22
AYGGSRLFIR,22
VLTLGNDVNRAYYS,22
ASAYSFQYGRLDYTAGLD,22
VNVYDVTKEDGQLG,22
VFEWLAYYQTATLK,22
VSRSTRGDYD,22
AWQTATWGETSHLE,22
ADGDASSQLDIHYR,21
VSYRDSGKAPNSRGYYLW,21
VSAIDPDPGETRHY,21
ASYVPYAVYGGGYW,21
AGGTYWRIYKYDYA,21
AVEYGDYYILAALV,21
AYPNSGKTDGTIFA,21
VSVYYPWFEDWWHG,21
VDDAYVAYYIFFSWNYHV,21
VAFDLVADWSYYLE,21
VSGYPSLRPVHDYNHAFN,21
VLIVAYWPGLNGYY,21
VNSRHWFLATWGYI,21
VSSRASGDWYTAYRDRHF,21
VERGDTGGYR,21
AYDSSTAYYLNNFA,20
VGYDYNTDIKYAYY,20
APNYYAYTSDQDLL,20
VTHYSTSELY,20
VRVYGYVGVGGDHR,20
ALNVAVLTFN,20
AYSPTTTYLE,20
VLSRTNTRYSGGYD,20
VFWGYFTSSRSRYGDTFF,20
ADTDLIQLTALDFT,20
ANSGGFLGYS,20
AEAGRWVDADRLFI,19
VLTKYEVSYYFLYGGTHY,19
VAYGDDFDTPGRFE,19
ASLEGGYYDYWNFY,19
ARKFYADVIYFYHY,19
ASVRTNASYGLAFE,19
AYGDRVEDFA,19
VVRRVDDGRADWHI,19
VSYNALDWYG,19
VYLDAFRYEGDYRATGHL,19
APTYLPRYFRDAHH,19
VDHDNASGLY,19
VGYDV,19
AKHYVLRYHH,19
AYYDATDSIYDLWIYWLQ,19
ASYLDETGPFKGGFYWLE,19
AIISHEYTYILILI,19
VIELYAYHDYRYFN,19
ATYSISGYEGVYLG,19
ATYAVPTYTTFILL,18
AVYSGSDYSTLSFV,18
VDADTLASSADQLS,18
VAFPVSYYHH,18
AARAHPDLRADPYG,18
ALYNRYGYYYRIFT,18
ARYSVTSHEASYSRSFFG,18
VDLTADGPYITYLD,18
VRLLRDYLNSWHFR,18
APDASSSYTVQDFTASFA,18
VRYFVNGGDDGGLN,18
AHYDVGLNGYVGNTDTYR,18
VDSSKWRGYGREYD,18
AVIAVDSYDRYHYG,18
AAQGTYPETAYYYF,18
VTEYLYSSSDYSLV,18
ASDTLTF,18
ASTYGYVSYY,18
AYDRSGRYVSFWHV,18
VKNHRLYRYD,17
AETLIAYYLK,17
VTDDKSGRYY,17
AFYDAYVPALDGTYYYFL,17
VTNKSRTRFS,17
ALDSSYDGGYYSLY,17
VVADYTDYGYLWYE,17
VDYYPGSGYLYVLAIYLY,17
VGKYPPKYYTGPLI,17
VSDYGGREVPSYHD,17
VLLQIRERGHSIDYYPFR,17
VPGSEGNGRGADGTSSFT,17
VSVYYPWFLG,17
AYSRQYEIRNDAHY,17
VWRWPYGYFG,17
VNWGSTYAAVNDHP,17
AGASGYEGLSYGLW,17
APQSDYGRDLQA,17
VDVYSEATSAYDYVYHLL,17
AIISQLYSLN,17
VGRATPWNGDPWFD,17
VPGRDYADNSDNFQ,16
VPSVREYDFY,16
VSHTWDYPYNTILY,16
VDVHDLHKFS,16
VEGYDPPDAYYLYD,16
VTDYHSTGIGEGRDIYYT,16
VSVPAGVSHY,16
VTDYHLDRTQLYYI,16
VFFGPSWSLE,16
VPDTDEEVFH,16
VEDSPREAWSTWLL,16
ADVAIY,16
ATPLYRYVLD,16
DSVKGRFTISRDNAKNTVYLQMNSLKPEDTAVY,16
AARLAYGQSYIWLL,16
ALVGGVTTYF,16
APDTPFSHYL,16
VLDRDWGHLKLVYN,16
APTSGGRDEWQTLA,16
AATYLYSIGDNIKTLNHS,16
VGVGVTSYYGYDLA,16
VKTGYHQRTQGHFG,16
APYKEDTSSDVGHA,16
VGNVVPTILSVRFV,16
VERITWGTWSYHFG,15
ASTTIVSGTSDDYTARYD,15
AAGETGQYFE,15
ARYAWSYHALGALW,15
AYSNPGLRGYFPSSGYLR,15
AKSYVRYNGYVTILYIYD,15
VGDDVHYSSDLAFI,15
AAIDGHPHDLLYLY,15
AAYAGAPYVDVYLY,15
ANVHTAYNHD,15
VYPGSKLPVVRWLV,15
ATLTPGHKSGRAYD,15
VYDFIIYGASNQWYYILV,15
AYGDRVEDFT,15
VDVYAGYYDYLLWIYGFR,15
AYVPWYHTVQDKLQ,15
VFEDLGYGVVVFLW,15
VFYITWYDLG,14
VIGWYIVPYPDILI,14
ATDWVSVERNEDA,14
AGASSKAKAAKALS,14
AYISYPTLFGYNLY,14
VLEYYAVAWYWSHY,14
VISGVHVDYKANYG,14
AHTHTSGWSEIPHY,14
AINLE,14
ATYAVPTYPTDGNHYYYG,14
AGVQGGLWLI,14
AYTAAPHSHY,14
VYDYAADSSPLGYG,14
VATSKVRNYY,14
VWDSFNESLG,14
AWGSVDDWYASQLN,14
ARYTQYSEFD,14
ANETTDEYFR,14
VTVDDGQGDEEGLS,14
VGYGPRYGDASGIYSYHF,14
ATVYDRAAVFDWYTRPHT,13
VNAVKDGYHK,13
VSQDFTGDLDVGLRDPYY,13
VVFTDYWTWLDYHW,13
ADTYAIFYFW,13
AGEINYEWHGSRRPWRYW,13
VGSGTSFHHD,13
AWPPRTQYGVGGFA,13
VGVASDSYAYYAHG,13
VELREQTYHA,13
AVYNWIVYYY,13
ATFWDNEDFG,13
AYDALSAGYVEALY,13
VRVDSYAPYGWWYG,13
VLGWDGKAYAVWYV,13
VYVTDVFSLI,13
AVTGLDDSWFRDLS,13
ARPVQSRGSHFAFQ,13
APWTDNNYDFLDHN,13
VVTWYGDTDYYYFG,13
AYGGPYTNLKGYSTYYFG,13
ARYPSNTTNELTNNIRHG,13
VGYNFDGFLYDDDKLWLVYYYT,13
VGNDDYYRIRPNFY,13
ATGLVVDYGYLWYE,13
ATYPLVYRTPDYLS,13
VYGGSFQRYAGSYT,12
VSTSYGDPGAAGHP,12
VQTDSAYGASGTGSWYFQ,12
ADYNGNRDYDTRHI,12
ATSAPHQPGGSGLG,12
VSVWWYRYYPYVKDSAFD,12
VYQQVAYTAYLLYE,12
VGGWLWDRSAGSFS,12
AGYDYYWSGRYDPGVSLE,12
APQVIRRGGVTGHA,12
VLGTLDVGHVFDSLRRFP,12
VDSAKDTPYS,12
VAAEVYPLPLFYHW,12
VTWTLYARTLVGPPKVFG,12
EQYGVSGYVKESHF,12
VGYATIYAPKDSFR,12
VTTGLLGWPTVLLL,12
VRTTYADYTTYGYW,12
VDSYYALGEYEGFL,12
VSRRAWELDWYHFD,12
AYDSSTAYDVYSFD,12
AIATLDLRTGTTYP,12
VEVYWDLDGRYTLL,12
VYSPYSHGTNLNHN,12
ATYYLSWERNLYFT,12
AIAYGYLNDYTWKLWYYH,12
VGNINYPQHSWLHS,12
AEYSDSIAIYDYHQ,12
VESYLANRDSGPYAFSFA,11
VGSLASSNLG,11
ALYNRYGYGDGYSRNYYT,11
ANGVSYTGYALSLRNLHT,11
ADSEGDNEFP,11
VFRVYITGLNGALV,11
AYSGNWYYAWLSYY,11
VYTWPYSDGTGGLYLDHY,11
AGLGADGVTD,11
VSHALDESSTEEYY,11
ATYFSRFDGGDYYA,11
ATSAPHQPSTDYFD,11
AGGNSAGSFG,11
AREIESYYYSRSYS,11
AKRLGGDIYRSTFP,11
AYSAGIRRFF,11
VSYRLAKRDLQAYWWYYL,11
VWGWDSWDYRLGLY,11
VNADIYVRYA,11
ADDDAYYDNNSGGSLGYR,11
ASEARYVYHP,11
VYGSGPYDGTSTHG,11
VDGSAYDRPYNGLY,11
VDLTADGPYS,11
VGDDGYPGFY,11
ASWSAGDYLEAYFA,10
VDIAYHYGGYTNYH,10
APHHLAEFLR,10
AEGSSPWTFA,10
ASDENGKLGAPYHRGWFY,10
VWYGYYRRSLNSHK,10
AVAYAPYGYPIVLA,10
AGTIANYHPTSSLT,10
AGDDYQVAFN,10
VLIVAYWPFPYYYA,10
VWIFTRDDRGVIFY,10
VAAGDYIWQGYWLV,10
VDSSYVQHLW,10
VVRYATYNAVVSYW,10
VVPYDDYYYYNDVYSYYF,10
VGTLPYDYLERSPDDGFG,10
AAYNATKYLY,10
VTDGVYDSYN,10
VGRYANGYLT,10
ADGDSGTTLGDYFV,10
ATPPHLRYYYYNHG,10
ADYGKAYYYYSDKFWGLT,10
AFYWYDVRTVTYLW,10
SQFDTYQDENDDIWHPLI,10
AELWTDQPTNYGSYDVLH,10
VSRRAWELYGRDHV,10
VALPNTDYYEAAAAYVFF,9
VSTTRDFYRDTSEDHSFQ,9
ADARASYSHY,9
AGPSRSPPDAKSLD,9
VSDYWVGTYVYWLT,9
VSYNALDWYYYYYP,9
ADGDSGTTLYYSLG,9
VYYLSGNYLVDRYDYVYL,9
AGTARNGDYV,9
AAAHHGEYASVFYF,9
AAVGDYDALG,9
APYYLASLGSYHLI,9
ATDDYYNYVSSYFD,9
ATDADSTPHH,9
ALHSYEVNFHIQVSDRFS,9
AQYGYLGYGRLLHD,9
VPGTRYPAFG,9
AYAYGVYDLSVTLK,9
A,9
VHGGAWAYNKYSPDLVLG,9
VDAGTPFYEGGVFT,9
AYARNYILAGYLTHTGYI,9
ARDQLASSSRYLFG,9
VFPTGTAW,9
VS,9
ARKNTWYGSPVLHY,9
VTADDISYAYYLLV,9
VNDHDVSAFY,9
VIQNTKFHSTFADNSDFG,9
VRYDVSKLLV,9
VEVPDSRYPYRTANYYYY,9
AKRYADRIDSNQLA,9
VYSKPVLSLG,9
VTGFYYWVFLNGGGTVYA,9
ATAYAINEHH,9
VRYAEYDRGGYDFT,8
ADYNLETGFD,8
VNGWTDVPNYWGHD,8
AYGGGYYNIAHQDQVDHK,8
VGDYGTLRTYSDHN,8
AYTFVTPGYA,8
AYIDADYSDNWYLRYYHV,8
AGYRGLDPGALVHY,8
AFGGTTAYHK,8
AGTWDDSPSYSSFA,8
VFTDLLDYDDYLLY,8
AVYVLRGAYDYYYG,8
AWRSDADWWSVQYE,8
AYGAYDYGYALDLV,8
VGSPDTRVSYSSLL,8
AIAAAEDRRVPGLL,8
AAFGVGRSYRDVFT,8
VVGPYAHLSGSGYR,8
ADIYVLVDKAYVYV,8
VSRTAGNNKSVGYA,8
VSLSRWAEWNNSYN,8
AGEYYSWGYQ,8
ATYAVPTYGDDSTLDVHP,8
VSLALRAVSDWSHP,8
VYAYFYYFHY,8
AQRYGTGYYPGYLL,8
VYGEDFYTQIFYYFLTHV,8
VDSLVYQYYSYFDEILYL,8
VATYAQVLKDIDYS,8
APYYLASLTGQYYG,8
ASDASTFVVQTNLG,8
VYPIYTPYHL,8
VYTSTYYSFAIYAETGYY,8
ATGRSPTSFSVYLA,8
VYYTNLDGHG,8
ALATYIYRVGSGYVYALD,8
VSEQGTADIGKKLA,8
VYRVTTARYSLPTYTSLY,8
VDTNRGSDGYSWLS,8
VSD,8
APPGDNRYYG,8
VYYLTIVSSYIAHG,8
AISTFDSRWAYYYY,8
VTADYNGSFD,7
AIYTPEYDAYYLYD,7
VPFTTEWPRQPVIAYLFY,7
VTGQGGSGDSTAYY,7
VGFLVNYDTRVTYY,7
VGFDTIRTYYQVYY,7
VGFDTIRTLYVYNTYYLS,7
VVHDGSLGIDSYHT,7
AEFEYSYHYL,7
VGKGGSKIYISELL,7
AYGVASQEA,7
ANPDNRYSDAKGLQYGHP,7
VGTRNSTRHVKRRSPRLS,7
VGTVIVNDYVAWLG,7
VYYNV,7
AEWLHTVSHL,7
AYTTRSDNYLLDFD,7
AYSVDVQTDNYTYVWLLY,7
VYRTSLDYYYTIAYLWLG,7
VHTRTSFLSRTTLP,7
AYRRQLHSSTWWYF,7
VGQWKEGGYD,7
ARDAKGVSSFYKNPAYHY,7
VT,7
VWTDTVYGGDYVSVSYYV,7
AATTWFDGSSVTYA,7
AIYGYDGALY,7
VVYDLEYGLW,7
ATLNFGQRFQ,7
VRAYKPFFRASPFT,7
VSTSDGGDYPWYYI,7
AVSIDAGYGSSGFT,7
ADYLRDTYDYLLWIYGFR,7
VRTSRDGAYVNYFF,7
VRGGTLSADSKAYR,7
AIPSSDGDSYLWFDYFHD,7
AFYWYDVRYSGEYGYSLW,7
AGSNVNQYEPHDYS,7
AVLLDRVANV,7
ARWWDIDQDP,6
AHAYVTTDDYEEYD,6
VYPRDFFYYE,6
AADYAINLTPYWYR,6
ALGEAAGGFDDSHL,6
VVYQPDYGPYYPHR,6
VSGGWNYGADGTLI,6
VDGHNAYWVDTVLL,6
APNPVIYGYK,6
AVYYVAVAHY,6
VRDSFYLYTPQELY,6
ALVVRGGYKGSGRGNYYG,6
AIWWTDDGTFYVLWHLYG,6
VHYADYSNYSRSLK,6
AYYSQRSYVVTWLA,6
AYPNSGKTERWQHE,6
VGQIKYELHG,6
VYEDVIDEHG,6
AYNDSVYGLGDSYF,6
ALSIPTRYHG,6
VIWSLRPDGPSSHV,6
AEGGYYIDLYAVLWREHG,6
VDHNDLAYETRRGELRLW,6
VKNHRLYRYL,6
VKPLSYAATGDYFA,6
AGYSGHRYASGLYWGDFL,6
AWSHVYTEVGNTWTYFHW,6
VDIVYGARHT,6
VLDIGDLDGYLIHW,6
VWTGQGFYFF,6
VAYYRGGEHS,6
ATRAIDYAYD,6
VGVGIGGNFS,6
VDTWGAAYTVNQEVYGHL,6
VNSSGKVVNRYLYY,6
VFDDFAYSHI,6
VTGSYGDDLWYEFG,6
AADGYEGDRRRANGLWYD,6
AVFDYYNIGSWYLS,6
ALDFARGYADTLGDSYLL,6
VPWDVDLITGRQHK,6
VPYDGDNIVTTGHS,6
APDYNPAIRYFEYS,6
VFYRVEVDRYGHFP,6
VTRQGRVWYSGKLP,6
AEDYLYDGRRDFDDLVLD,5
AYVQGSTNREFYYQ,5
ANLVTTYKIAYDNSQDHE,5
AEDYLYDVLYSLLS,5
VGDAGGFLQGGEFA,5
VGVASDSYDTQDTILWYV,5
VRTSGKGSFL,5
AARYSIQWYGSTLA,5
AFSYADYLFH,5
ALPASEGNTYEYFA,5
VYYPSNSRTSDIDYYQYS,5
VQEYDYPSLEIRHG,5
VPTLYALTSYTGLS,5
ALTINTSYYV,5
VGAKYLAYHD,5
AYRRQLHSNLVTLD,5
VYGSANNREKSSFY,5
AYRGRYGELV,5
AYRGGFWSHI,5
AQYDTVGVFQTPHY,5
ADGDAYQSLL,5
VGAGYNHVRDEHYFRYYY,5
ATDNDFVYLA,5
VSVRDQTPGAPYYS,5
AYEIDRPYFG,5
VVSGTALNLY,5
AYDVPNYLLYLFFL,5
ASAAYHGYFG,5
AADNIYHWG,5
ASRTIYGQSDYYLD,5
VGYRAGASLY,5
AAVRAWYNYASYPYAPFD,5
AGDTHDTIYAHRLA,5
AGPVYYDDLGSLFF,5
AAVSKSAGLA,5
AVEYGDYYSYYSFI,5
VHLASYGSLR,5
ARWTNGSVQVNTLR,5
VRAYHGAPFPYYYA,5
AYYTVTQGTGYVYW,5
ADVWDYSHPWYGYV,5
VDGSPFSYLG,4
VYSGYGWYPFVAFL,4
AGY,4
VGYDVYWAALSWHE,4
APLFNLGDTWVLYY,4
VDEEAGSHYYGHFN,4
VIGEGYGYYGQYFD,4
AYWHYYLRSHDYYA,4
AVSYESYTHY,4
VFFTTYKPGWYPLD,4
VYGTTVYAYYGSFD,4
VADGDARYQLLTFA,4
ADSSAETSYD,4
AAKRWNG,4
APNTGISSHG,4
VSGEDHIYYYGYLT,4
ANPRDDTYLD,4
AGHWLIFRGRIWLA,4
VSAVDSYTVYSYWPDDHF,4
VYYPRLDYSAYYFS,4
AVGVLLNYDDIGYF,4
VSGITLYVDDAFYD,4
VDGHNA,4
VGRRYVTRNYVL,4
AYYFYSASSL,4
VETRYTEQPHRKFP,4
AAPYGLQRYSYLDKPVHI,4
ASLEGGYYD,4
AYGGSYDWILWRLL,4
AHGTRDYSLG,4
VLTWEAADGSYGPDGEYP,4
VRYLGNLRRKADLE,4
VVVHYSYYYEFP,4
ATQVIEVYYHSDYF,4
ASDRRYHYWVNYYA,4
AFASSYFYSTLYDSTYLY,4
VVESRNRYIYGSPRSVHA,4
AGDTLNTNYVSSNLDLHD,4
ASGFAPFVKYILSRDSLT,4
VTHGPYLVLG,4
VLSRTNTRHT,4
VDSYYKDYLTTAQTPGYN,4
AGDIWIPETASLSAYLFV,4
ATHGPYSVLG,4
AYDLYYNLYAVAFG,4
AGPVYYDDNGYLYY,4
VAPSATRYHR,4
AYDDYPGYYGLYYH,4
ASTRPYYYSDYIHN,4
AIVGFYGLPDIALD,4
VALTRLWPGFRALY,4
AIYHEYVGLW,4
VWGKDLFDYTVYHA,4
VLYATDTSNHNFNVYVLG,4
ADIYVLVDLA,4
VLIVA,4
AGGT,4
VSIRDYWWPHGYLY,4
VITYSHYYYHIGYG,4
VYDIIYSGVAYYLV,4
VYDIIYSGLYEHFG,4
VRHYPPSTLDPATDDYHG,4
VLRDY,4
VKAIQSDLALYTFL,4
ALIRGYDDSQYSYV,4
ARPVQSRGFN,4
VDDGDYNGASNQWYYILV,4
ARWADGLIHS,4
VAYSDYFWWWDIFT,4
AYYYYPYTYDDGTLTSYG,3
AGSTDISDYL,3
VDGDAPYSYWGTLQ,3
VGQAAHAYSVGEYF,3
AGDDYQVAPGVVHD,3
AFVWGVIYGDDYYG,3
VAPFYEWYYLLDFD,3
VDDITTTYVDVYLY,3
AGGWLLPYRFPSLP,3
VAYYYVAYYDTTRD,3
VAYYYVAYYDTALD,3
VGRGDTGPYP,3
AGGLGDDQLY,3
VAGGDARYQLLTFE,3
VAYSDYIYYY,3
VAYYYVAYGYGPYDVSLD,3
VGNHPDFELY,3
VGELFGDYEEHILGDVLQ,3
VDKGDTGPYP,3
VFGLGTGYHYDLLL,3
VASQDYWWPHGYLH,3
VDIWVDVTETAWLD,3
AYYPGDREQR,3
VDEDGSDYFG,3
AVYNWIVYDAWKDEYY,3
AEYGYSYSFS,3
ADYYLNPGYYLYHW,3
ASGFAPFVYG,3
AVYNWIVYDAWKDDYYYW,3
VVDTYRDSDYTVLL,3
ADYSTTTTGLSGYF,3
AAYLTSEWYW,3
ASDDDIVYYT,3
VPWSWVWQLSRPLE,3
ASDADIGVGSGVLG,3
VTDDDGGTFR,3
VYDIIYSGISWDYALPLV,3
VWRTGEAYADYSGTLDYG,3
ARRWEAYNVIAYFP,3
AYDRVYQLLSTLFV,3
AATVIYVYNPVAPGLGLS,3
VWRTGGTYADYSGTLDYG,3
ARPVQSRGGHFAFQ,3
VYARETYGTSKTYA,3
AYEIDWPYFR,3
AVTTYF,3
AVSIDAGYYNLGYADVYI,3
VRVVSGSSLY,3
AHYYTTSGAVVYFD,3
ADGDAPYSYWGTFQ,3
VSWQYSVGLV,3
ASSTEDAWYGSTLA,3
ATQVIEVYDNDTYVVTFW,3
AKSPYHPEESVGFG,3
VTGNGIVDAQYGLL,3
VTGWRGTYKRWRLI,3
VSPAGNDGVRSFYV,3
ASPVGTGGVHGPFA,3
AIDYVLRYYT,3
AGWGPPSSHS,3
ATYLDSYTIIGELW,3
VTHGPYSVLR,3
VSGYAYQYAEYYFW,3
VSGRKGAVTVYTWYGILS,3
VTTGNGWTHY,3
ASGPYYDYYSYFDEIIYL,3
VNDYDEGYGYYDLV,3
VPLSGFD,3
ASYPLHYLDTWWFT,3
ALSLQEYPIADYFY,3
VIGRNTSR,3
VIGVSEPYGSQLHS,3
AYRGRYGEHKNYFS,3
AYLDGLVSSNSNLYYELL,3
APSKYGSYLQNVFI,3
VHVTHYRDDYGVGAYTFY,3
VIYRGFGSWAGWLE,3
VHGWSVPSPDSYLY,3
AYIGSYYTDYIDLEYCLMGRDVFFSRV,3
AYTFVTPGSSDPFW,3
VLGTITNFYV,3
AYPTATGYLG,3
AYGDYSYEYT,3
VLYYKSYGGSNEYPYIHG,3
VLRDYYWYSTLDFT,3
AEWRGSSGWDFAYA,3
VYGQYNDNVLNYHW,3
VYGGSRLFLWDALQ,3
VLYDYGRYSNLGFDLYFY,3
AYETDWPYFG,3
VDYDLAWTYFDLD,2
VTHGPYSVPG,2
VTDPEKGYYSSVAVGEHN,2
VTHGPYPVLG,2
VYTSQGSDHT,2
VDGDAPHSYWGTFQ,2
VTDPYDYNRSVWHI,2
ADEVIDYIGYYSGEAALY,2
AADNIYHWGYRYYE,2
VYYPSNSRTNVFLL,2
VDEDGSNYLG,2
ADDVFFAVSPIGWDSALS,2
VTGSYGDDISDRPPAYYA,2
AADNIYHWGYLG,2
VYSGYGWYFHVYHG,2
VTGFY,2
VTDYHLDRTQLYYT,2
VYYLSGNYHG,2
VYYGFVISPSSYRVSYFT,2
VDGYAIWLGASYGVYYYA,2
VTSAPHQPHR,2
AAYYYVAYYDTTLD,2
VDGYRCRSFG,2
VYDIIYSGHG,2
VYDGVTLIWTYYLL,2
VYGLGTGYYYDLLL,2
VYGRSGYAHS,2
VVRYSAYTWYESYY,2
VVRVTIVGLY,2
VVRPGYGATQDVLG,2
VVHVTIVGLY,2
VDPAGYTHQRWHFG,2
VYHDIYPFVHVQTTEYLR,2
AAFPVSYYTSATFV,2
VYPRDFFYCE,2
VVEYETPVLDAYHY,2
VDRSEQSIYSYGLN,2
AGDVFFAVSPIGWDSALR,2
AAYPTPEWYW,2
VTYGGWDDTGYYQGWY,2
VDSLESPGRLDYFY,2
VYEIDWPYFG,2
VYQRFTSFAWTDLL,2
VYRASLDYYYTIAYLWLG,2
AADSYIKYTYNWLA,2
VTVDDGQGGEEGLS,2
VSLKRTTTAAYETTYGYS,2
ADFTVIYYLI,2
VNGYQYSSYQTPLL,2
VLYDYGRYAGLWHA,2
AF,2
VGGGSHYYEFYYTYALLY,2
AFASSYFYSTLYDPTYLY,2
VNDPEKGTPFYYLYLHK,2
VGFPFVGYVNYQTVLSYE,2
AEDDRYPSSSHYYS,2
VLPYHHYVHFPELS,2
VNTGYDTLRYYIHG,2
VGELFGDYEEHILSDVLQ,2
VNTTPDWWYFDYYYI,2
VPEKTDVGTEDRYD,2
VPGGYISNYF,2
VGDDVRYSYYYEFP,2
AEDLSDRYQHKGLS,2
VLATTSGAHA,2
VPNGYDYFGPGGRDSQHR,2
VHYYTTSGAAVYFD,2
AEYPEVDFGSNYWSYGHF,2
VGTTSNSDYG,2
VGTVIVNDLCPAFH,2
VGYPHVYYHI,2
AETLIAYYADGWGYYDFN,2
VHHAYVVYDDAAGTRAYS,2
VIAYDQVDYPWYYI,2
VLADRTNYPALLLS,2
VIGRNTSRTYIYQY,2
AEHLSGRYGGVTGHA,2
VGQAAHVCSVGEYF,2
VITYGNVRTYK,2
AEHLSDNDKFAGDDQYHL,2
VKTSYASQCS,2
VPGSHDSRSQSYYNYNHK,2
VPPDDYEI,2
VSYRLAKRDLQA,2
VSRRAWELDWYHFG,2
VSHALDESFYYTHN,2
VSHTWDYPTIYWLL,2
VSKAKRFTITVPYF,2
VSPAGNDGVRFYYV,2
VSRGGDYTHA,2
VEIVRTPYWRYVLS,2
VSRTAGNVVTVYVSTYYG,2
VSDGGWLPGYG,2
VEGTVE,2
VSSYGQGRYGGVTGHA,2
ADHTSTGYNTVYLR,2
VSYDLDLYGLYPYG,2
VEAYVDRRFAYYCN,2
VSYLALFRW,2
VSGRKGAVTVCTWYGIFS,2
VEYYFWDSSPLGYG,2
VPRGPYSVLG,2
VRGEGCGYYGQYLD,2
VPVDGDVGLI,2
AFQKVHQSFGYTFG,2
VG,2
VPYDTFAGDAWYLV,2
VPYYYYYGLRDLALAYLG,2
VRFGWSLYDSSLDHWTLF,2
VRGEGHGYYGQYFD,2
VRYQSETRYT,2
VFPTGTAWYCWYLY,2
VRGEGYGYYGQYFDYYV,2
VRSYYGFSHH,2
VFGLGTGYYSDLLL,2
ADWGYRSWLA,2
VRVVRR,2
VDVHVLHKFS,2
ISSFWYSYEATDHT,2
AGSSSRYYEWAYLY,2
APTLGQTYYD,2
AICQYYARYD,2
AHKTAVGFHGPYAYAGYY,2
AYQRGPGRTYIYHY,2
VAVLYDAYPADNLFLTLY,2
VAVLYDAYWFFY,2
VAVLYDDYPADDLFLTLY,2
AYYHGPDRLV,2
AYYGYYSLAYAGFW,2
AHSYRELYYSGDYP,2
ASYYLYREHI,2
AYSTGSYPNPTVHR,2
AYYGGYYDNGIGFV,2
ALWDAGVPYL,2
AHSYRELYYHGDYP,2
AGTSYTYEHG,2
ASYSNYSAFG,2
ARNPLIEHHT,2
AGTWDGLPYYSRYW,2
VAVSPFKEGGIKYSGQYA,2
AVEPLTERVRNHYV,2
ASGVSYKFSSSWEISALE,2
VAVYDTGHLG,2
AYIGSYYTDYIGLE,2
ASIGYGTYFE,2
VAYPTSEWYW,2
AYYDATDSSAVVLS,2
ATYQRHSWAYSGFP,2
VAVFWVPDDYHIHY,2
VAYYSVAYYDTTLD,2
VANTYFWPEPDTFY,2
VAFPVSYYTSATLV,2
ASDTLTFCWIGLFP,2
AQTSYLQSLV,2
ALSFQEYPIADYF,2
AYEINWPYFG,2
ALGDEAVPTYYISA,2
ASDTLTFYWIGSFP,2
ARGAAYYVSDGDYEVDFW,2
AYPDYTSRFY,2
AYEIDGPYFG,2
ASDTLTFYWVGLFP,2
AQRFKSYGYADGYG,2
VAFPVSYYTSAIFV,2
VAEYLYSSYQTPLL,2
VAPFYEWYFDYYFA,2
VAPFYEWYFDYYYV,2
AQDVPWRYHG,2
VAPSYEWYYLLDFD,2
VAFPVNYYTSATFV,2
ATDWVSVERNEDAYWVFY,2
ATYSISGYEGVYLGYYYY,2
AQALGGLAEYERFT,2
ASDYDDQPAPRAGSKGYL,2
VASPVSYYTSATFV,2
AHSYRELYLA,2
VASQDSWWPHGYLY,2
ARPVQSRGNHFAFQ,2
VAYGDDFDTPGRLE,2
VAFPVSYYTSATSV,2
IRDSFYLYTPQELY,2
ILDDTLVTIGYGLI,2
AVSDAPKKYNVWFR,2
AYTTYRLFYPVSFQ,2
ASLDYSRSDAKGLQYGHP,2
ILEYYAVAWYWSHY,2
LARWDSGHNNEYWGRPHD,2
AYTYSQDYYDSGDAYTLV,2
AWGSVDEWLY,2
ARWWNIDQYP,2
INDPEKGYYSSVAVGEHN,2
ALYYSTTYDLAYLE,2
AVVTYIIHHK,2
AYTYSQD,2
ATSSYYLQYS,2
AKTDGYHGHY,2
APDASLSYTVQDFTASFA,2
ISSYGQGPSAYLLG,2
VDAGTPLYYLYLHK,2
ATSAPHRPHR,2
AWDPHGGGIDNQHH,2
AWGSVDDWMY,2
IYSDPTGRLTYYFQ,2
ALYYFQGYTWYDVDEYFG,2
AYSPTTAYSNGLLG,2
AYHDIYFYTYLDVPDFRP,2
ATQSDVSFRPSDLI,2
TIRQYYARYD,2
AYHDIYFYTYLDVPDFPP,2
AYVSDPSNLG,2
AIGWYIVPYI,2
AYGIDWPYFG,2
AYTGVYLGDDLRLL,2
AYHYRADDSVVTTWFRFA,2
AHYDVGLNGPYYYA,2
ASWHSAASFL,2
AWTVSNVGYG,2
ANESTDEYFR,2
VAYYYVAYHDTTLD,2
VAYYYVAYYDATLD,2
AYVIDWPYFG,2
ASVYESDDHV,2
AGYAQDGWFY,2
AVHYGNLHYN,2
ANSGGFLGANLNHA,2
AHAIALYRLA,2
VAYYYVAYYDTTQD,2
AWGSFDDWYASQLN,2
ATDYVLRYYTYCCMGRDVFFSRV,1
ATDYVLRYYYGDYP,1
VSVYCPWFLG,1
VSTSSGDPDTWSEFYYFW,1
ATGYVLRYLN,1
ATIGNYGLAFDKYR,1
ATIYVIGSADWSGGLEFW,1
VSVGTTYNAYGSYY,1
VSTSHGDPGAAGHP,1
ATLNFGQRHF,1
VSSFWYSYVLRILK,1
VSSYARPHSETRHV,1
ATPVYDPSNFG,1
VSSYGQGPSVYLLG,1
ATPVYDMSFI,1
ADISYEPDTDTLFG,1
ATLVGNLYTLKNYDSFLG,1
ADIPYEPDTDALFG,1
ATPPPLRYYYYNHG,1
AINLGYWIVDYALG,1
VDDAYVAYYIFCSWNYHV,1
AIRRYYARYD,1
ADGYRYRSFG,1
ASYLDETGPFKGGF,1
VTDEDGGTFR,1
ASYGADADGDRELV,1
VTDHTRDRTDVFLL,1
AKLPTVKKLSLLSYVYLG,1
VTDHTRDRTTVFLL,1
ASWDAGAPSTQYYL,1
ASVRTTASYGLAFE,1
ASVRTNASYGLAFK,1
ADFPNAVTLE,1
ADFGTAYAAEDRFL,1
VTEYLCSSYQTPLL,1
VTEYLYGSSDYSLV,1
ASTLYSWLHD,1
ASTDVQHGTEDDLSLFFL,1
ASSPRLSLVP,1
ASSGYYHG,1
ASSGDSNTFL,1
ASSG,1
ADEAAVTRWAYYYY,1
VTGSYEIDWPYFG,1
VTGSYGDDISDRLPVYYA,1
ASRLSSDELY,1
ADDVLFAVSPIGWDSALR,1
ASRLSSAEGYFLYY,1
ASYPLHDLDTWWFI,1
ASYPLHYLDTWWCI,1
VTADYSGSFD,1
ATDWVSVERNEDAYWYFY,1
VSWEISDHQTDYLWYCCKGRDVSFSRV,1
VSWEISDHQTGYLW,1
ADGHNAYWFP,1
ATDYVLRSLN,1
VSYDLDLYGLSPYE,1
VSYDLDLYGLYPFE,1
ATDYVLKYVGGLSDYDYH,1
VSYDLDLYGLYPYEYCFKGRDVFFSRV,1
ATDWVYVERNEDAYWFFY,1
VSYDLDLYGSYPYE,1
ATDWVSVERNEDGGGDHV,1
VSYLSYYDYY,1
VTADYNGSYS,1
ATDWVSVERNEDAYWLFY,1
AIVISEWNVIDYVLSSYY,1
ATDWVSVERNEDAYRFFY,1
ATSAPHHPHR,1
ATDLWSFRDVWAYD,1
ASYYSYVECD,1
VSYYRSGLSAYYYG,1
ASYYPYVEYD,1
ASYSTYYAFG,1
VTADYNGSHF,1
ASYPSPRQGYEGHYSYYYEFP,1
ATDLWSFRDWTRFV,1
VSLASRAVSDWSHP,1
VSSCTRPHSETRHV,1
AVETDTHRTDTFHS,1
AVFDYYNIRSWYLS,1
AVEYVDYFLDPLHK,1
AVEYGDYYSYYSFT,1
ADTLIAYYLK,1
VSDDDIVYYTYTYDDGILTSYG,1
VSDDDLAWTYFDLD,1
VSDDLDLYGLYPYE,1
VSDDLYRCGEIEHG,1
AIADAGGPHG,1
VSDDLYSRGEIEHG,1
VSDDYIVYYT,1
AVEYGDYFHDPLHK,1
ADSWLGNRLN,1
VSADDNDPRNSTLATLFR,1
AVESGDYFLDPLHK,1
ADSSSGYYEWAYLY,1
AIADAGGPIIGEFY,1
AVEPLTERIRNHYM,1
VSGAPDGDYRFCLMGRDVCFSRV,1
VSGAPDGDYRYCLMGRDVFFSRV,1
VSGAPDGDYRYCLMGRHVFFSRV,1
VSGAPGDREQR,1
AVEPLTERIGNHYV,1
AVECGDYFLDPLHK,1
VSGGYDTDVGGDYS,1
VSGHGDPRYN,1
AVGGTYNAVGYFLS,1
AVGVPLNYDDIGYF,1
AVDYSEYYYY,1
VRVRREDGRGRDHR,1
AHYDVGLNGPYYT,1
VRGSDGVFGNDATSLVYL,1
AVYNRIVYYS,1
AVYDLEYGLW,1
VRQTSYIRGDYTYK,1
AHYDVGSNGPYYYT,1
AVYAATDYYDWFFY,1
AVTGLDDSWLRDLS,1
AVTFGVPVGGLVFL,1
VRTVNGYFQDYTHR,1
VRVDSYAPYGRLYG,1
AVTFGVPDGGLVLL,1
AHYDVVSYFDYYYI,1
AVGYVYVTDFYYVAEFYI,1
VRVVRRYVFHGPYY,1
ADWGYRGWLA,1
VRVVRRYVLHGSYY,1
VRVVRRYVSHGSYY,1
AVSDAPKEYVQRTAEHFT,1
VRWSHCLSYITGYT,1
AHYNVGLNGPYYYT,1
AVLVAGIGYGDGPVIYHE,1
AVLLDRAANV,1
AVIAVDTYLE,1
VRYFVNGGSHGDDYIFSD,1
AVGYVYVTDFYYVAEFYL,1
ADSSAETSLA,1
VSGREGAVTVYTWYGIFS,1
AIISRLYSLN,1
VSPASNDGVRFFYV,1
VSIRDYHGNVRTYK,1
ADNYNGSDYT,1
VSIRDYYGNVKTYK,1
VSIRDYYGNVRTHK,1
ADNVFFAVSPIGWDSALR,1
ATYAVPTYGDDSPLDVHP,1
ATYAVPTYDNDTYVITFW,1
ADNDSTGGYH,1
ADLQSRWLLT,1
ATYALGEYEGFL,1
VSPAGNNGVRFFYV,1
VSPAGSDGVRFFYV,1
VSPASYSYDGTAVAYQHR,1
ADPAGYTHQRWYFG,1
ADLQSRWLHL,1
ADKLEPVYHR,1
VSPSGNDGVRFFYV,1
VSPYTRPHSETRHV,1
VSQAAHVYSVGEYF,1
ATVYDRAAVFDLYTRPHT,1
ATTGRRTRSGVPITDLVP,1
VSRQYSVGLI,1
AIISPLYSLN,1
ATSAPPQPHR,1
VSRSYDTYLP,1
ATSAPHQPYYYGLW,1
VSIGVDPRDIDGFI,1
VSIAVKLSADFDLFGLYE,1
VSGRKGAVAVYTWYGIFS,1
VSGRNTSRTYIYHY,1
VSGRKGAVKVYTWYGIFS,1
VSGRKGAVTAYTWYGIFS,1
AIADAGGPVGAGYGLYLV,1
VSGRKGAVTVYAWYGIFS,1
VSGRKGAVTVYTGYGIFS,1
VSGRKGAVTVYTLYGIFS,1
VSGRKGAVTVYTSYGIFS,1
VSGRKGAVTVYTWYGIFP,1
ADSRRVYVYYDNGIGFV,1
VSGRKGAVTVYTWYGIFT,1
AVDYSDYYYD,1
VSGRKGAVTVYTWYGLFS,1
VSGSDDTYLP,1
ADRLFTRGPYDSYT,1
VSGSYDAYLP,1
AVDYGESYTYSARS,1
AVDYGESYTYSAHP,1
AVDLDPLYAYGSFT,1
AVDFVPLYAYGSFT,1
AVDFDPYTYDDGILTSYG,1
VSHIYAAQYTYYDYGIHL,1
AVDFDPLYAYGSST,1
VSHTWDYPAIYWLL,1
AIADAGVNEPSLA,1
AVDFDPLYASGSFT,1
ADRLITHGPYDSYT,1
VTGSYGDDTYNSVKYY,1
ACDHVYQLLSTLFV,1
VTGSYYWVFLNGGGTVYA,1
VYHDIYPFVHVQTAVYLR,1
VYGGWAASERGSLL,1
ALSFQRFISFAWTDLL,1
AALTYYSSWYRNPFYTYY,1
AQLWSYRDDEGRLPDYYG,1
AQHRDPIDSSPVHG,1
AQALGGSWSSPYSSGSHP,1
AQALGGSWSSPYSSGPLY,1
VYGYAAGGVSYGGYYTLY,1
AQALGGSWSSPSSSGSHS,1
AAKRWHGYWYLYHA,1
VYHDIYFYTYLDVPDFLP,1
AAKKWNGYLA,1
APYFTGNRRRGIFA,1
AQRNDFLYLA,1
VYHDIYPLVHVQTAEYLR,1
APYDSIPLHH,1
APWTDNNYDFLGHN,1
VYLYNDANFY,1
VYLYNDSDFY,1
VYNNSCYVYASDYK,1
ALWDAGVPSTQYDL,1
AAGRVVSCFDYYYI,1
VYNYFLHDFY,1
APTSGGRDEWQTPA,1
APTSGGRDEWQTLVEVYYG,1
VYPGSELPVVRWLV,1
AQRFTSYGYADGYG,1
AALTYYYSWYRNPFYTYF,1
VTGWACALLY,1
ARAARGRGPWTYHS,1
ARNHPDLELY,1
ARKFYADIIYFYHY,1
VYAPYLVILY,1
ARGWDIDQYP,1
ALNASTYYRGRWHY,1
ALNRDSLL,1
ARGGNTSRTYIYHY,1
ARGAGVHRDWTRFV,1
VYDDKLAYSD,1
ARGAAYYVYDGDYEVNFW,1
ALNVAVSYFDYYYI,1
ARDKEWYGGGTWYP,1
ALSACTYYRGRWHY,1
AQRTGFPGADPSHY,1
VYDNSYYVYASDYK,1
VYDYTWTYSWVYLYG,1
ALSFQDYPIADYFY,1
AQSCTHVTVYYSYF,1
ALSFQEYHIADYFY,1
AAQGTYPETASYYF,1
VYEPYLVILY,1
AQRTGLPGADRVHY,1
VYGDQDDSNILYT,1
VYGDYGNEYP,1
VYGEDFYS,1
AAPFYEWYFDYYYI,1
APSYYGYSLH,1
APSYYGYSFY,1
VYPVPGYYRVDYYV,1
VYWPGDVLYQ,1
VYTSTYNSFAIYAENGYY,1
APEGYTDDG,1
VYTTRYWRLV,1
APEGYADDGYWDPYGLHG,1
VYTYSQDYYDSGDAYTLI,1
VYTYVENQGYYYFA,1
VYVPDLVILY,1
AADPDDYVTHAYYH,1
VYVPYPVILY,1
VYVSYLVILY,1
APEARVHRWKATHF,1
APAEGYIDYF,1
VYYADERWRDRYHY,1
VYQDRGFLFD,1
ANYETDFRPDTIIGYFFS,1
ANYETDFRPDAIIGYYFS,1
ALYYYVDNHSYWYG,1
ANYETDFRPDAIICYFFS,1
ANTYSQDYYDSGDAYTLI,1
VYYNLYWGLY,1
ANTGYDTLRYYSHG,1
AMVYKGYFHD,1
ANQDVFVYEWPLFG,1
ANGGRYSDCA,1
VYYYDDGWYYGSVVGYHH,1
ANGGRCSDYA,1
VYSYTNAYYNPVVYRVLS,1
AADPRDGLDWYHFD,1
AADPREGLDWYHFN,1
VYSTLDRYLD,1
APSYCGYSLY,1
APSKYGSYLRNGFI,1
ALWDAGVYSTQYYL,1
APSKYESYLQNGFI,1
VYQYGYNGIDYTCD,1
APSHYGYSLY,1
ALYI,1
VYRD,1
VYRDYATDEYPYFY,1
APRNYAGIGYYPGPSGLD,1
VYRDYATDEYSYLY,1
AADSIYHWGYWYYE,1
VYRGWAATERGSLL,1
VYRGWATSERGSLL,1
VYRSAFDYPEGKVAANYL,1
APQSDYGRDLHAYWWYYL,1
VYRTSLDYYYTLAYLWLG,1
ALYQTFYVKEVDTGLYLE,1
VYSDFPDSGSQDSRGKFY,1
AADRWDDGLG,1
APGRDYADNSDNFQ,1
APGGYISDYF,1
APEKTDVGTVDRYD,1
ALYQTLYVKEVDTGLYYD,1
APEKTAVGTEDRYD,1
VWYGYYHHHF,1
AATQARAYYSGPLY,1
ARQDGYYALY,1
ASEVSYEPFS,1
VTPGPYSVRG,1
ASINADYLLY,1
VTRYKDGYHY,1
ASGSYYEYYSYFDEIIYL,1
VTTGNGWSHYYCFMGRDVFFSRV,1
ASGSYYDYYSYFDEVIYL,1
ASGSYYDYYSYFDEIIHL,1
VTTTYFWPEPDTFY,1
VTTVKPDVRYQSLN,1
ASGSYYDYYPYFDEIIYL,1
ASGGRGDNFGGTYA,1
AAYYGRVPLVRPFY,1
VTYAVGDLVITQFV,1
VVDAYRDSDYTVLP,1
VTYAVGDSVITHFV,1
VTYAVGDSVITQFF,1
AAYYGRAPLVHPFY,1
VTYGGWDDTGYYQGWYYW,1
VTYPYAYLYSDTFP,1
VTYSCAYLYSDTFP,1
VTYSYAYLHSDTFP,1
AAYPTSVWYW,1
VTYSYVYLYSDTFP,1
ALGDEAVPTHYIFA,1
VVANYTDYGYLWYE,1
AAYPTSEL,1
VTPGPYSVLG,1
VTNVKPDVRYQSLN,1
VRGGTPSADSKAYR,1
VTNTYFWPYFG,1
ASRLSNDEGYFLYY,1
ALDDVYRGDYDTFE,1
VTHEPYSVLG,1
VTHGPCSVLG,1
VTHGPHSVLG,1
ASPAGNDGVRFFYV,1
ASMQADYGDWTLHSYCLMGTDVYFSRV,1
VTHGPYSGLSYCLW,1
ADDVFFAVSPIGWDSAFR,1
VTHGPYSVLGYCLMGRHVFFSRV,1
ASMQADYGDWTLHSYCFMGSDVFVSRV,1
VTHKPYSVLG,1
ALDSSYDGGYYPLY,1
ASIRDYYGNVRTYK,1
VTIAGAENENVSGDRSLD,1
ADDVFFAVSPIGWDGALR,1
ASINADYLYGRDRV,1
ADDAYVAYTVKGLV,1
ALDSSYDGGYYSLD,1
VTLNFGQRFQ,1
VTLPPAGWWKYPFE,1
VTNAIYWVLYDPRRYRFP,1
ASINADYLYDRDHV,1
VTNPYFWPYYGKHE,1
ACPTAIGYLG,1
VVASYNDYATYDHV,1
VVDFDPLYAYGSFT,1
ARQDGYYTMY,1
ALHGVGNYGGTFYDENHF,1
VVVQYAYRYS,1
ARWWDVDQYP,1
ARWWDTDQYP,1
ARWWDIDRYP,1
VVYYYRWDLE,1
VWCTGETYADYSGTLDYG,1
VWDLYDSYLW,1
AAVLYDAYPADDLFLTLY,1
ALHGVGNYGGIFYDENHL,1
ARWWDIAQYP,1
ARVRREEGRGRDHR,1
ARVRREDGRGRGAKGVSLG,1
VWILYDSYLW,1
ALGDEAVPTNYIFA,1
AATYLYSIGYGIWYD,1
VWNLYDSYSW,1
ARTVNNVGYG,1
ARSYRELYYYGDYP,1
ARRVYDWIKNCDVNGQYA,1
VWRTGETYADYSGTWDYG,1
ARRFYDWIKNYDVNGQYA,1
VWRTGKTYADYSGTLDYG,1
ARQYYSSYHD,1
VWSGSYHYYECDYD,1
ALHGVGSYGGIFYDENHF,1
VWSYGHSATDVGHY,1
VVVQYAYQYP,1
VVVQYAYFY,1
ALGEEAVPTYYIFA,1
ARYDHLLYHE,1
VVDYFSSPRSTSYI,1
ASDTLTFDWIGLFP,1
VVEYETPVLDYDLGYYNPNYGLG,1
ASDSDLVVGSGVLG,1
ALGDEAVPTYFIFA,1
ASDRR,1
ASDRKYHYYGLYNH,1
VVGSIIDYDYYQQVAYFA,1
ASDANLGVGSGVLG,1
ASDAGLGVGSGVLG,1
VVNPIGAYMGAWLS,1
ASDADNGVNLF,1
VVNPTGAYTGAWLS,1
ASDADLGVGSGALG,1
ASDADLGIGSGVLG,1
ASAAYHGYYG,1
ALGEAAGGYS,1
ARYYGQQSPNAYNWGSYC,1
VVRYATYNAVVS,1
ARYVWGVYAYDSTVSGYW,1
VVRYSAYNWDESYY,1
ARYPSNTTNELTNTIRHG,1
ARYPSNTTNELTNNLRHG,1
VVRYSVYNWYESYY,1
ARYPSNTPTELTNKIRHG,1
VRGGYEYASHVNTDTYFT,1
AWQSATWGETSHLE,1
AHYDVGLNGPY,1
VGDDVHYSCYYEFP,1
AFQQVYQSFGYTFG,1
VFSTPYKPGWYPLD,1
VFSTTYKPGWYPLD,1
SYAWTNRYAVDGHG,1
SKLPTVKKRSLLSYVYLG,1
AFQKVYQSFGYSFG,1
VFYGDQDDSNLLYT,1
VFYGDQNDSNILYT,1
SGNDYQVAGSPSHP,1
LLDRDWGHLKLVYN,1
VGAGVATKWSNHGYQYYG,1
VGAGYNHVLG,1
AFGGTTAYHE,1
AFQTVYQSFGYTFG,1
VGDDVHYSYYYELP,1
VGDDVHYSYYYVFP,1
HCIATTEGYEYD,1
VGDDVYYSYYYEFP,1
VGDLYAVFAYGVKWYE,1
AFGAYSAHNAAISF,1
VGDSVYGYVYWYYP,1
VGDYGTLRHFGTYGYG,1
GSYDLDLYGLYPYE,1
GPLSGRYGTYGAYS,1
GAYSDYFWWWDIFT,1
FSPASYSYDGTAVAYQYP,1
VFSTDWIANLTHYI,1
SYGVASQEAVYYLD,1
VGFDDGHGYYVGLF,1
TSWQRTSYHG,1
VAFPESYYTSATFV,1
VEVYWDLDGRYTLP,1
VEVYWDLDVRYTLL,1
VEVYWDYP,1
VEYGQTTSGGLAEYERFT,1
AGSNNRQAVGVPAPSYHA,1
TYTYSQDYYDSGDAYTLI,1
VFEDLGCGVVVFLW,1
VFEDLGYGAVVFLW,1
TYGVASQEAVYYLD,1
VFEWLAYSHTATLK,1
VFEWLAYYQTATIK,1
TPSYYGYSLY,1
VFRVHITGLNGALV,1
TKRYADRIDSNQLA,1
VFGLGTGYSYDLLL,1
TIADAGGPVGVGYGLYLV,1
TGWGPPFSHS,1
VFGLGTGYYYDLLP,1
TDYYLNPGYYLYHW,1
VFGNSYHPGRNPHY,1
VFLTGTAWYWWYLY,1
TAYPTSEWYW,1
SYGVPGTRYPIASLDLYD,1
AFSVLYDAADSNLYSYLL,1
VFRAYITGLNGALV,1
VGELSGDYEEHILGDVLQ,1
AFDYDLAWT,1
AVYNWVVYYD,1
AYYFYEWYFDYYYI,1
AYYYHRGRTSDDYTARYD,1
AYYSYPYTYDDGILTSYG,1
AYYPHDHTMGFEHD,1
VGNGGWWSYTYTHD,1
AEYTEVDFGSTYWSYGHF,1
VGNGPGLFDFYIFS,1
VGNGPGLFGSYIFF,1
AYYGYGDVVRTSHI,1
AEYTEVDFGSNYWGYGHF,1
AEYTEVDFGSNDWSYGHF,1
VGQATHVYSVGEYF,1
AYYFYSAPFL,1
AYYFY,1
VGLLVKYDTRVTYY,1
AYYDTSSYLAYGHI,1
AEYTDVDFGSNYWSYGHF,1
VGRTGPDALFYKYE,1
AYWGSDYVLYAYYI,1
AYWGSDYIPYAYYI,1
AGVSGDAYDVEDFY,1
AGWGPPFPHS,1
AYVQGSTTHY,1
AYVQGSTSHY,1
AYVQGSTNQY,1
VGSSKSNVGASTLA,1
AYVPDPSNFG,1
AEYTEVDFSSN,1
VGLKSYWGLG,1
FDFPNAVTRE,1
DAFPVSYYTSATFV,1
VGFDTIRTYYQVYH,1
DYATSYVSSITGFG,1
DSVKGRFTISRGNAKNTVYLQMNSLKPEDTAVY,1
DSQYAAEWHS,1
DSAKGRFTISRDNAKNTVYLQMNSLKPEDTAVY,1
VGFVNGHGYYVGLF,1
DRAHSTQTDNYTYVWLLY,1
VGGGLTKGYP,1
AFASSYFYN,1
DGDDVHYSYYYEFP,1
VGGKTLERLS,1
VGGRVRGWYRGWYGYCLD,1
AEYTGTLDYG,1
AYYYYPFVHVQTAEYLR,1
AGSVKGFYYYGDYP,1
VGGYDKFVHI,1
VGGYDKHVHI,1
VGGYDKYFHI,1
AEYTEVGFGSNYWSYGHF,1
VGGYDKYVQI,1
VGGYDRYVHI,1
VGGYDTYVHI,1
VGGYGTLRHFGTYGYGYW,1
AYYYYPYTSDDGILTSYG,1
AEYTEVDLGSNYWSYGHF,1
VGKRYVTRNYVLYW,1
VAFPVSDYTSATFV,1
VAFPVSYYTSAPFV,1
VAFPVSYYTSATFA,1
VDGYRHRSFG,1
VDGKALERLS,1
AGGWLFADWDPNFV,1
VDGKTLERLSYWSYGHF,1
VCQYGYNGIDYTYD,1
AGGWLFADWDPDLV,1
VDGTERAPLG,1
VDGTKRAPLE,1
VDGTTAWRNNGFLL,1
VDGTTAWRNNGFTTYYYI,1
AGNVIIAPYFWAGYYVLD,1
VDGVASQEAVYYLD,1
VAYYYIAYYDTTLD,1
VDGYRYGSFG,1
VDAANGVNLF,1
VDGYRYRLFG,1
VDGYRYRPFG,1
VDGYRYRSFE,1
AGGSMVHYVGGYYVPFFD,1
VDGYRYRSLG,1
VDHDNAGGLY,1
VAYYYGAYYDTTLD,1
VAYYYAAYYDTTLD,1
VAYYSVAYYDTTLE,1
VAYYCVAYYDTTLD,1
VDKCDTGPYP,1
AGGSIVHYVGGYYGPFFD,1
VDGHNAYWVP,1
VDADNGRADWHI,1
VEPTYSGWAYYAFVTGFR,1
AGGWLLPYRISSLP,1
AGKPLTRYFAGAQDWSYG,1
AGLAKVEPDGYYYS,1
VDDYSSAALY,1
VDDYSSAASY,1
VDDAWVRYYPGFFC,1
AGGYDKYVHI,1
VDAITTTYVDVYLY,1
VDAGTPVYYLYLHK,1
VDEEAGSHYYGHFT,1
AGGWLPPYRFSSLP,1
VDEIDWPYFG,1
VDFPDAVTLE,1
VDFPNAVTRE,1
VDGHNASWFP,1
VDGAWVRYYPGFFY,1
VDGCRYRSFG,1
VDAGTPFYYLYLHE,1
AGGWLLPYRFSSLPYCLMGRDVFFSRV,1
VDAGTPFYSLYLHK,1
VDGDAPYSYWGTYQ,1
VDADNGVTLF,1
AGGWLLPYRFSSLPYCFMGSDVYFSRV,1
VDGDYP,1
VDGGGWDFDHVWSFY,1
AGLGADRVTDYWFD,1
VDGHNAHWFP,1
AGGSIVHCVGGYYVPFFD,1
AGPAPGPHDNYGLP,1
VDNVASPDEDGESNAFYE,1
VEAYVDRSFAYYYN,1
AGSGYYHGGDSSFG,1
VAPFYEWYFDYYCI,1
VDYYENVERF,1
VALPVSYYTSATFV,1
VALPTYDDDPNRLGVSYG,1
VEAADYLFGYAYCY,1
VALPNTDYYKAAAAYVFF,1
AGASKGALFR,1
VEADYVLRYYT,1
VAHGPYSVLG,1
AGASGYEGYYVGLF,1
VEAYVDRRLAYYYN,1
VEAYVERRFAYYYN,1
VDPAGYIHQRWYFG,1
VAGKTLERLS,1
VEAYYVRTLN,1
VAGGDDRYQLLTFA,1
VAFRVSYYTSATFV,1
VEEGVPIYDVLTLI,1
VEELGWVGIGGSLW,1
VAFPVSYYYYPNFG,1
AGSNNQQAVGVPAPSYHS,1
VAFPVSYYTSATFI,1
VEPNDNGNYD,1
VEPTYPDWAYYAFVTGFR,1
AFYDAYVPALDGTYYYLL,1
ANGAYSGSYVYSSFRPYY,1
VARGYFYRLD,1
AGDDYQVAYN,1
VASHDYWWPHGYLY,1
VAVSPFKEGGIKDYGQYA,1
VAVPVSYYTSATFV,1
AGGDEFVDLY,1
VDPPGEHLSA,1
VDRGDTGPDP,1
VDRGDTGPHP,1
VAVLYEIDWPYPADDLFLTLY,1
VDRGDTGPYPYCFKGREVFFSRV,1
VDRGDTGSYP,1
VDRGDTSPYP,1
VDRGGTGPYP,1
AGEINYEWPYFG,1
VDSAKDTPNDGPLN,1
VDSAKDTPTDGPLD,1
VAVLYDAYPADDSFLTLY,1
VAVLYDAYPADDLFLTRY,1
VAVLY,1
VASQDYWWPHGYWY,1
AGPSSEYHLA,1
VDSYRYRSFG,1
VDSYYKDYFY,1
VASQDDWWPHGYLY,1
VDSYYKDYVTTAQTPGYN,1
VDTDDAYRAYFPFPYGLS,1
VASHDYWWSHGYLY,1
AYVHGSTNHY,1
AYTYVESQGYYYFAYCLMGRDVFFSRV,1
AYTYVESQGYYYFAYCLMGRDVFFCRV,1
VNTIPDWWLI,1
AYEIDWPYLG,1
AYEIDWPYHHYVHSPELS,1
AHRGRGYYYRYVFHGSYY,1
AYEIDWPDPADDLFLTLY,1
AEDDRYPSAPYGILWNHG,1
AEAYVDRRFAYYYN,1
VNNRYYTSPV,1
AYEIDWLYFG,1
AEAWTADTTAWDYL,1
VNTGYDTLCYYSHG,1
AYEGIALHYT,1
AEAWTADTAGPSFC,1
VNTTPDRWLI,1
AEDLGWVGIGGSLW,1
AEANITANHQ,1
AYEESALHYT,1
AHSCRELYYYGDYP,1
VNVYDVTKENGQLG,1
VNWGSTDAAVNDHP,1
AYEDDYVFYRRFKDYVHS,1
AYEDDYAFYRRFRDYVHS,1
AYDYTWTYSWVYLYS,1
AYDSSYRYAVGSFG,1
VPGRDYADNPDNFQ,1
AYDSSAAYDVYSFD,1
AYDPVYQLWDFYFW,1
VNDWYLADTWVLYY,1
VNDWYFADAWVLYY,1
VLPDHHYVHSPELS,1
VLYDWGDFGSN,1
AYGVASQVAVYYLD,1
AEDLSDRYQLKGLL,1
AHCDVGLNGPYYYT,1
AYGVASQEAVYYL,1
VLSRTNTLYSGGYD,1
AYGHYGLEYL,1
VLTEYEVSYYFLYGGTHY,1
AHHDIYFYTYLDVPDFLP,1
AYGGSRLSIR,1
VLTLGNEVNRAYYS,1
AYGGSRLFLRYWFA,1
VLYATDTSNHNFNVFVLG,1
VLYDWGDFGSNYWSHGHF,1
VNDWFFADTWVLYY,1
AYGGSRLFIRYLFA,1
VLYDWGDFGYEGHY,1
AYGGSAGYHY,1
AYGGPYTNLKGYSTHYFG,1
VLYGDQDDSNILYT,1
VLYHGNQVGYVYSTDILT,1
AYGAYDYGYTLDLV,1
AYEVDWPYFG,1
AYEMDWPYFG,1
AYELDWPYFG,1
AYEIDWPYYG,1
AHPYRELYYYGDYP,1
VPGSEGNGRGAEGTSSFT,1
AYDHVYQLLSTLFVYCWKGSDVSFSRV,1
AYDHVHQLWDFYFW,1
VRAHSTQTDNYTYLWLLY,1
ADYPVRFLTGSLLY,1
VQGHQSWYGRLAQYTSFY,1
AHTFVTPGSSDPFW,1
AWNSDGDEYYGIGARWFH,1
VQSYYSDSHT,1
AWGSVDGWLY,1
ADYNGNRGYDTRHI,1
VQTVNGYFQDYTQR,1
VQTVNGYSQDYTHR,1
VRAHSAQPSAPGHF,1
VRAHSTQTDNYTHVWLLY,1
VRAHSTQTDNYTYAWLLY,1
ADYLRDTYDYLLWTYGFR,1
AYDDYPGYYGLYYR,1
VRAHSTQTDNYTYVWSLY,1
VRAHSTQTDTYTYVWLLY,1
AWGSIDDWLY,1
VRCGYEYALY,1
AWAHRTYSADGVTDYWFK,1
AWAHRTYSADGVTD,1
VRGDGAVPDSKGHG,1
ADYLFGYGYYA,1
AVYTYPVGDYDYIFAGHQ,1
AHYDAGLNGPYYYT,1
VRGEGRYGTYGAYS,1
AVYSPDNLFLGGLD,1
AWNSDGDEYYRIGARWSH,1
VDDAYVAYTVKGYG,1
AWSHVYTEVGNGVNLF,1
AWTVNNVRYG,1
ADYTSTGYNAVYLR,1
VPLSGRYGGVTGYA,1
ADYTLHDRSLRSASYKHF,1
VPLSGRYSGVTGHA,1
AYDALSAGYVEAHYSYYYEFP,1
AYCFYSASFL,1
AYAYYLPGDYGMLS,1
AYAWTNRYAVDGRG,1
AHSYRELYYYGDHP,1
ADYTLHDRPIRPRS,1
VPRGSNRYFT,1
VPRSGRYGGVTGHA,1
ADYTLHDRPIRPLS,1
AYAWTNRYAVDGHE,1
VPSVREYDLY,1
AYAWTNRYAEDGHG,1
VPVDDDAGLI,1
ADYTGTGYNTVYLR,1
VPVDDDVGLIYCFMGRDVYFSRV,1
AYAWTDRYAVDGHG,1
VPVGDDVGLI,1
AHSYRGGFWSHI,1
AWTVNTVGYG,1
VPYDLDLYGLYPYE,1
VPYDSTPLHH,1
AEDLSDRYTNPDHR,1
VLNGPGDDHW,1
VGTVIVNDLYPAFH,1
VHYYTTGGAVVYFD,1
AYSPTTTYSHGLLG,1
AETDFPDYYGYWGTFQ,1
AYSPTTTSSNGLLG,1
VHLASYGS,1
AYSNDRVLFG,1
AYSETDDDGVGDHV,1
VHVTYCRDDYGVGAYTFY,1
VHVTYDRDDYGVGAYTFY,1
AEPYGPWAHYFGGYHPFV,1
AYRYGGTDYDQRVS,1
VHYDVGLNGPYYYT,1
VHYYTASGAVVYFD,1
VHYYTTRGAVVYFD,1
VHHAYVKYYL,1
AGYDGEVRGRSIDYYPFR,1
VHYYTTSGAEVYFD,1
VHYYTTSGAVAYFD,1
AEPYGPWAHYFGG,1
VHYYTTSGAVVYFDYWDPNLV,1
VHYYTTSGAVVYFG,1
VHYYTTSGTVVYFD,1
AYRTNYPALLLS,1
AYRTDDYGQT,1
AEPYGPWAHCFGGYYPFV,1
AYRNGSNTYKTGYYRPYA,1
AYRDRVEDFT,1
VHHAYVVCDDAAGTRVYS,1
AYSPTTTYSTGLLG,1
VLLQIRERGHSIGYYPFR,1
VGYDVAYYDTTLD,1
AYTYVESQGYYYFAYCLKGRDVFFSRV,1
VGVASDSYAYSAHG,1
AYTYVENQGYYYFAYCLMGRDVFFSRV,1
VGVASDSYAYYAHS,1
VGVASDSYDTQDTIFWYV,1
AGWRSDSDLGSAFT,1
AYTYVENQGYFYFA,1
AYTYVEHQGYYYFA,1
VGWSGATYAENGFG,1
AEVSTYGGHVFDSLRRFP,1
AGWTGTARHS,1
AYTYSQDYSDSGDAYTLI,1
AYTYSQDHYDSGDAYTLI,1
AETDSPDYYG,1
VGYDVYWADYPRLG,1
AYTYLQDYWGVLTYVGHG,1
AYTYDENQGYYYFA,1
VGYNFDGFLYDDDKLWLVYYFT,1
VGYNLDGFLYDDDKLWLVYYYT,1
AYSYVYNTYDYAYYYAYE,1
VGYTPGSNADVSFS,1
VGYWPGRYIIGSYTWFHY,1
VGYWPGRYVIGSYTWLHY,1
VHCYTTSGAVVYFD,1
AYSRQYEIDWPYPADDLFLTLY,1
VHGGTDWCESDGSWLDYY,1
VIGRNTSRTYIYHH,1
AYQYYISGRYLALD,1
AYPTTIGYLG,1
VLEDLGYGVVVSLW,1
AYIGSYYTDYIDLEYCFMGSDVYFSRV,1
AYIGSYYTDYIDLEYCFKGRDVYFSRV,1
AEGGPHDNHR,1
AEGGLHGNHR,1
AYIGSYYSLAYAGFW,1
AYIGNDVNRAYYS,1
AEFGSRVVAGGNYS,1
AYHTAIGYLG,1
AYHGAGTTYAPPGNGNHA,1
AGYSPHFDYY,1
AYHFYSASFL,1
AYHEIYPFVHVQTAEYLR,1
VLGLGTGYYYDLLL,1
AYPTAIGYLS,1
AGYTEVDFGSN,1
AYHDIYFYTYLDVPDFLL,1
AYGYYGLEYP,1
AGYYRLHDAGDTLG,1
AEDVFFAVSPIGWDSALR,1
AYGVRVEDFT,1
AYGVPGTRYSIASLDLYD,1
VLIVS,1
VLKASEDSLTWGWEPPFT,1
VLLDGDYRYVPAHG,1
AEDTEVDFGSNYWSYGHF,1
AYGVPGTRYPIASLGLYD,1
AYIGSYYTDYIDLEYCFMGTDVYFSRV,1
VKGYQSYYIGEHYVAYFW,1
VKGTYSDYAGYLYN,1
AYIGSYYTDYIDLEYCLKGTHVYFSRV,1
AGYGSEADYL,1
VIGWYIVPYPDTLI,1
VIHGPYSVLG,1
VILNSALRHL,1
AEHPSDNDKFAGADYSLI,1
VILTSTASSGNPFD,1
AYPTAIGYFG,1
AYPTAIGYATIQYA,1
VISGVHVDYNANYG,1
VITISTDRYSAQCDYAFV,1
AGYRGLDPGALAHY,1
VITYEGSVTNDIHV,1
VITYEGSVTSDIYV,1
VITYEWWRDRYHY,1
AYLVTTYKIAYDNSQDHE,1
AYLTYYYSRDPYTSYDFN,1
AYKDDYVFYRRFRDYVHS,1
AYIYWQEQFD,1
AYISYPTLFGYNLH,1
VIYGESYTYSAHS,1
AYISSEAYPGDDYR,1
VIYYRGGGSGWACY,1
AYIGSYYTDYIDLEYCLQGRDVFFSRV,1
VKAYVDRRFAYYYN,1
VKDCGSGYDEDSFA,1
ANETTDEYLG,1
